record_id,date_found,vendor_context,headline,source_url,sentiment,sentiment_confidence,summary
NEWS-0001,2026-06-28,Atlassian,Communardo strengthens European presence with expansion into the Benelux region,https://www.bu-partners.com/news/communardo-strengthens-european-presence-with-expansion-into-the-benelux-region-by-acquiring-dutch-atlassian-platinum-partner-prepend/,positive,high,"Acquisition of Dutch Atlassian Platinum partner Prepend, expanding Communardo's European footprint."
NEWS-0002,2026-06-15,Atlassian,Communardo scales as an Atlassian & Microsoft platform across Europe,https://www.bu-partners.com/news/how-communardo-is-scaling-across-europe-as-an-atlassian-platinum-solution-partner-atlassian-marketplace-vendor-and-microsoft-solutions-partner/,positive,high,Coverage of Communardo's growth as Atlassian Platinum Solution Partner and Marketplace vendor.
NEWS-0003,2026-07-16,Atlassian,Communardo acquires Ambientia's Atlassian business in Finland,https://www.bu-partners.com/news/communardo-acquires-ambientias-atlassian-business-in-finland-and-expands-its-presence-in-northern-europe/,positive,high,"Communardo acquired Ambientia's Atlassian business, expanding its presence into Finland as part of its Nordic growth strategy."
NEWS-0004,2026-07-16,Atlassian,Communardo acquires Austrian Atlassian Platinum Partner ByteSource,https://www.bu-partners.com/news/communardo-continues-its-growth-trajectory-and-acquires-bytesource-to-strengthen-its-position-in-the-dach-region-as-well-as-its-capabilities-in-enterprise-cloud-aws-and-devops/,positive,high,"Communardo acquired ByteSource, Austria's leading Atlassian Platinum Partner and first AWS Premier Tier Partner, strengthening its DACH-region and cloud/DevOps capabilities."
NEWS-0005,2026-07-16,Atlassian,"Communardo Group acquires Copenhagen-based Aety, scaling Danish presence past 480 employees",https://www.communardo.com/company/press-releases/press-release/with-the-acquisition-of-copenhagen-based-aety-the-communardo-group-scales-its-danish-presence/,positive,high,"Communardo acquired Danish Atlassian consultancy Aety, growing the group to more than 480 employees and building a full delivery organization in Denmark."
NEWS-0006,2026-07-16,Atlassian,Florence Heinen appointed VP Operations Atlassian Professional Services,https://www.communardo.com/company/press-releases/press-release/florence-heinen-wird-vp-operations-atlassian-professional-services/,positive,medium,"Communardo created a new group-level leadership role, naming Florence Heinen VP Operations for Atlassian Professional Services effective June 1, 2026."
NEWS-0007,2026-07-16,Atlassian,Communardo Experts launches as a joint venture with Spirit Experts in Morocco,https://www.communardo.com/company/press-releases/press-release/communardo-experts-launches-as-a-joint-venture-with-spirit-experts-in-morocco/,positive,high,"Communardo formed a joint venture, Communardo Experts GmbH, with Spirit Experts to build an Atlassian delivery hub in Casablanca, extending into the MENA region."
NEWS-0008,2026-07-16,Atlassian,"Communardo Group GmbH acquires Computas Opus, becoming Atlassian market leader in Norway",https://www.communardo.com/company/press-releases/press-release/communardo-group-gmbh-has-acquired-computas-opus/,positive,high,"Communardo acquired Norwegian Atlassian Platinum Partner Computas Opus, establishing itself as the market leader in Norway's Atlassian ecosystem."
NEWS-0009,2026-07-18,Atlassian,celix joins the Communardo Group,https://www.communardo.com/company/news/detail/celix-joins-the-communardo-group/,positive,high,"Communardo acquired Austrian Atlassian Platinum Solution Partner celix Solutions GmbH, strengthening its market leadership in the DACH region."
NEWS-0010,2026-07-18,Atlassian,Partnership with Mibex strengthens software portfolio,https://www.communardo.com/unternehmen/presse-und-unternehmensinformationen/press-release/partnership-with-mibex-strengthens-software-portfolio/,positive,high,"Communardo acquired Swiss Atlassian Gold Marketplace Partner Mibex Software, adding a DevOps-focused app portfolio serving over 2,700 customers."
NEWS-0011,2026-07-18,Atlassian,Communardo enters Nordic market with acquisition of Stretch Addera in Sweden,https://www.communardo.com/unternehmen/presse-und-unternehmensinformationen/press-release/strategic-expansion-skandinavia/,positive,high,"Communardo acquired Swedish Atlassian Platinum Solution Partner Stretch Addera, entering the Nordic market and reinforcing its position as a pan-European Atlassian leader."
NEWS-0012,2026-07-18,Atlassian,Communardo expands Industry Advisory Board with Seidensticker and Kranebitter,https://www.communardo.com/unternehmen/presse-und-unternehmensinformationen/press-release/communardo-expands-advisory-board/,positive,medium,"Communardo added Dr. Franz-Josef Seidensticker as Chairman and Christian Kranebitter to its Industry Advisory Board to support market expansion and process professionalization."
NEWS-0013,2026-07-18,Atlassian,Communardo partners with Bregal Unternehmerkapital to drive growth strategy and European expansion,https://www.communardo.com/unternehmen/presse-und-unternehmensinformationen/press-release/communardo-partners-with-bregal-unternehmerkapital-to-drive-its-customer-centric-growth-strategy-and-expansion-in-europe/,positive,high,"Bregal Unternehmerkapital funds invested in Communardo Holding GmbH to accelerate its customer-centric growth strategy, European expansion, and service/software portfolio extension."
NEWS-0014,2026-07-18,Atlassian,Anje Hickey appointed CEO for Atlassian Professional Services in Europe,https://www.communardo.de/unternehmen/presse-und-unternehmensinformationen/pressemitteilung/anje-hickey-wird-ceo-fuer-atlassian-professional-services-in-europa/,positive,medium,"Communardo named Anje Hickey, former CEO of Fellowmind Germany and 12-year Microsoft veteran, as CEO of its Atlassian Professional Services business across Europe effective January 1, 2026."
NEWS-0015,2026-07-18,Atlassian,Communardo Products rebrands as Elevatic unifying Marketplace app portfolio,https://community.atlassian.com/forums/App-Central-articles/Meet-Elevatic-Our-New-Name-Same-Trusted-Solutions/ba-p/3218177,positive,medium,"Communardo Products rebranded as Elevatic, consolidating the former Communardo Products, bitvoodoo, and Mibex brands into one independent Atlassian Marketplace vendor."
NEWS-0016,2026-07-18,Atlassian,Communardo extends Nordic market leadership with acquisition of Danish Atlassian partner Aety,https://www.bu-partners.com/news/communardo-extends-nordic-market-leadership-with-acquisition-of-danish-atlassian-partner-aety/,positive,high,"BU Partners' own coverage of Communardo's acquisition of Danish Atlassian consultancy Aety, extending its Nordic market leadership (signed April 30, 2026)."
NEWS-0017,2026-07-18,Atlassian,Paul Hastings advised Bregal on acquisition of Mibex by Communardo,https://www.paulhastings.com/news/paul-hastings-advised-bregal-on-acquisition-of-mibex-by-communardo,positive,medium,"Law firm Paul Hastings announced (Dec 19, 2024) it advised Bregal Unternehmerkapital on Communardo Group's acquisition of Atlassian Gold Marketplace Partner Mibex Software."
NEWS-0018,2026-07-18,Atlassian,PROM12 to sell Communardo Holding GmbH to Bregal Unternehmerkapital,https://www.loyensloeff.com/insights/news--events/news/prom12-to-sell-communardo-holding-gmbh-to-bregal-unternehmerkapital/,positive,medium,"Law firm Loyens & Loeff announced (Sept 6, 2024) it served as Swiss legal advisor to PROM12 on the sale of a majority stake in Communardo Holding GmbH to Bregal Unternehmerkapital."
NEWS-0019,2026-07-18,Atlassian,Communardo Has Agreed to be Acquired by Bregal Unternehmerkapital,https://www.williamblair.com/News/Communardo-and-Bregal-Unternehmerkapital-Transaction,positive,medium,"William Blair announced (Sept 4, 2024) it acted as exclusive financial advisor to Communardo, then a PROM12 portfolio company, on its agreed sale to Bregal Unternehmerkapital."
NEWS-0020,2026-07-18,Atlassian,Communardo Group welcomes Stretch Addera as a new partner,https://www.bu-partners.com/news/communardo-group-welcomes-stretch-addera-as-a-new-partner/,positive,high,"BU Partners' coverage of Communardo Group welcoming Swedish Atlassian Platinum Partner Stretch Addera, marking its Nordic market entry."
NEWS-0021,2026-07-18,Atlassian,Acquisition Strengthens Communardo's Market Position in Germany,https://www.communardo.com/knowledge/blog/acquisition-strengthens-communardos-market-position-in-germany/,positive,high,"Communardo blog post (April 25, 2024) announcing the integration of German IT service provider Scolution into the Communardo Group, strengthening its Atlassian market position and regional presence in Swabian Hall."
NEWS-0022,2026-07-18,Atlassian,Communardo Group extends Nordic platform with the acquisition of Aety,https://accura.dk/en/cases/communardo-group-acquires-aety/,positive,medium,"Danish law firm Accura's case page describing its advisory role for Communardo Group in its acquisition of Aety, extending the group's Nordic Atlassian platform to roughly 100 specialists."
NEWS-0023,2026-07-18,Atlassian,"German Communardo Group, backed by Bregal Unternehmerkapital (BU), acquires Swedish Atlassian partner Stretch Addera",https://www.mainsights.io/ma-news/german-communardo-group-backed-by-bregal-unternehmerkapital-bu-acquires-swedish-atlassian-partner-stretch-addera,positive,medium,"M&A intelligence tracker NKP/Mainsights' historical coverage (May 27, 2025) of Communardo Group's acquisition of Swedish Atlassian partner Stretch Addera, including deal financial details."
NEWS-0024,2026-07-18,Atlassian,Expanding Nordic Coverage: Communardo Group Adds Ambientia's Atlassian Business,https://communardo-nordics.com/insights/expanding-nordic-coverage/,positive,high,"Communardo Nordics blog post (Jan 8, 2026) on the acquisition of Ambientia's Atlassian business in Finland, extending Nordic coverage to Sweden, Norway, Denmark, and Finland."
NEWS-0025,2026-07-18,Atlassian,Stretch Addera joins Communardo Group,https://communardo-nordics.com/insights/stretch-addera-joins-communardo-group/,positive,high,"Communardo Nordics (formerly Stretch Addera) blog post (May 27, 2025) announcing Stretch Addera joining the Communardo Group, forming a group of 420+ Atlassian experts."
NEWS-0026,2026-07-18,Atlassian,Expanding Nordic Coverage: Communardo Group Adds Ambientia's Atlassian Business,https://stretchaddera.com/insights/expanding-nordic-coverage/,positive,high,"Mirror of the Communardo Nordics blog post on stretchaddera.com, covering the Ambientia Atlassian business acquisition in Finland."
NEWS-0027,2026-07-18,Atlassian,Stretch Addera joins Communardo Group,https://stretchaddera.com/insights/stretch-addera-joins-communardo-group/,positive,high,"Mirror of the Communardo Nordics blog post on stretchaddera.com, announcing Stretch Addera joining the Communardo Group."
NEWS-0028,2026-07-18,Atlassian,Communardo GmbH - Atlassian Solutions Partner Directory listing,https://partnerdirectory.atlassian.com/communardo-gmbh,positive,high,"Atlassian's official partner directory profile for Communardo GmbH shows Platinum Solution Partner status, a 5.0 rating, and Atlassian Partner of the Year awards for 2019, 2023, and 2025 (Cloud Platform Solutions)."
NEWS-0029,2026-07-19,Atlassian,"Elevatic, Communardo Group's software business, to acquire Atlassian marketplace vendor Elements",https://www.bu-partners.com/news/elevatic-communardo-groups-software-business-to-acquire-atlassian-marketplace-vendor-elements/,positive,high,"Elevatic Software GmbH, the Communardo Group's software business, agreed to acquire France-based Atlassian Marketplace vendor Elements APPS SAS, adding Service Management as a third solution area to its portfolio."
NEWS-0030,2026-07-19,Atlassian,Elevatic enters into a put option agreement to acquire Elements,https://www.clipperton.com/news-transaction/elevatic-enters-into-a-put-option-agreement-to-acquire-elements-adding-service-management-to-its-portfolio-of-trusted-atlassian-solutions,positive,high,"M&A advisory firm Clipperton's announcement of Elevatic's put option agreement to acquire Atlassian Marketplace vendor Elements, adding Service Management capabilities to Elevatic's portfolio."
NEWS-0031,2026-07-19,Atlassian,Communardo strengthens its presence in Norway through the acquisition of Computas Opus,https://www.bu-partners.com/news/communardo-strengthens-its-presence-in-norway-through-the-acquisition-of-computas-opus/,positive,high,"BU Bregal Unternehmerkapital's coverage of Communardo Group's acquisition of Norwegian Atlassian Platinum Partner Computas Opus, establishing market leadership across all four Nordic countries."
NEWS-0032,2026-07-20,Atlassian,SWNetwork joins the Communardo Group and strengthens DevOps capabilities,https://www.bu-partners.com/news/swnetwork-joins-the-communardo-group-and-strengthens-the-groups-devops-capabilities/,positive,high,"Communardo Group acquired Atlassian DevOps specialist SWNetwork (founded 2016), strengthening its DevOps consulting and solution development capabilities; all SWNetwork employees join Communardo's existing DevOps team."
NEWS-0033,2026-07-20,Atlassian,Communardo and Mibex Software join forces,https://www.bu-partners.com/news/communardo-und-mibex-software-gehen-gemeinsame-wege/,positive,high,"Communardo Group's own press release (Dec 17, 2024) announcing its acquisition of Swiss Atlassian Gold Marketplace Partner Mibex Software, strengthening its DevOps app portfolio serving 2,700+ customers."
NEWS-0034,2026-07-20,Atlassian,Paul Hastings advises BU Bregal Unternehmerkapital on acquisition of Stretch Addera by Communardo,https://www.paulhastings.com/news/paul-hastings-advises-bu-bregal-unternehmerkapital-on-acquisition-of-stretch-addera,positive,high,"Law firm Paul Hastings announced it advised BU Bregal Unternehmerkapital on Communardo's acquisition of Swedish Atlassian Platinum Solution Partner Stretch Addera, marking Communardo's entry into the Nordic market."
NEWS-0035,2026-07-20,Atlassian,Communardo Acquires Stretch Addera from Stretch AB,https://globallegalchronicle.com/communardo-acquires-stretch-addera-from-stretch-ab/,positive,high,"Global Legal Chronicle's coverage of Communardo Group's acquisition of Stretch Addera AB, a leading Atlassian Platinum Solution Partner in Sweden, and the legal advisors involved."
NEWS-0036,2026-07-20,Atlassian,BU-backed Communardo adds on Stretch Addera,https://www.pehub.com/bu-backed-communardo-adds-on-stretch-addera/,positive,high,"PE Hub's private-equity trade coverage of BU-backed Communardo Group's add-on acquisition of Swedish Atlassian partner Stretch Addera."
NEWS-0037,2026-07-20,Atlassian,Communardo Switzerland - Atlassian Solutions Partner Directory listing,https://partnerdirectory.atlassian.com/communardo-switzerland,positive,medium,"Atlassian's official partner directory profile for Communardo Switzerland (formerly bitvoodoo) shows Platinum Solution Partner status, 46 sales and 24 delivery accreditations, and a 2023 Marketing Innovator award."
NEWS-0038,2026-07-20,Atlassian,Elevatic - Atlassian Marketplace vendor listing,https://marketplace.atlassian.com/vendors/95/communardo-products-gmbh,neutral,medium,"Atlassian Marketplace vendor profile for Elevatic (formerly Communardo Products, bitvoodoo, and Mibex), listing Platinum Marketplace and Solution Partner status and its portfolio of 16+ Confluence/Jira/Bitbucket apps."
NEWS-0039,2026-07-21,Atlassian,BU-backed Communardo buys Celix Solutions in Austria,https://www.pehub.com/bu-backed-communardo-buys-celix-solutions-in-austria/,positive,high,"PE Hub's trade coverage of BU-backed Communardo Group's acquisition of Austrian Atlassian consultancy Celix Solutions, strengthening its DACH-region market position."
NEWS-0040,2026-07-21,Atlassian,Paul Hastings advises Bregal on acquisition of Celix by Communardo,https://www.paulhastings.com/news/paul-hastings-advises-bregal-on-acquisition-of-celix-by-communardo,positive,high,"Law firm Paul Hastings announced it advised Bregal Unternehmerkapital on Communardo's acquisition of Austrian Atlassian partner Celix Solutions."
NEWS-0041,2026-07-21,Atlassian,Communardo welcomes celix as a new partner,https://www.bu-partners.com/news/bu-portfolio-company-communardo-welcomes-celix-as-a-new-partner-and-strengthens-its-market-position-in-austria/,positive,high,"BU Bregal Unternehmerkapital's own coverage of Communardo Group welcoming Austrian Atlassian specialist celix, strengthening its market position in Austria."
NEWS-0042,2026-07-21,Atlassian,celix wird zu Communardo Austria (brand transition FAQ),https://www.celix.at/faq-markenumstellung/,positive,medium,"celix Solutions' customer FAQ page announcing its rebrand to Communardo Austria GmbH as part of deeper integration into the Communardo Group, with contracts and contacts unchanged."
NEWS-0043,2026-07-21,Atlassian,Communardo weitet Europa-Präsenz aus,https://www.channelpartner.de/article/4115160/communardo-weitet-europa-prasenz-aus.html,positive,high,"ChannelPartner (Jan 12, 2026) reports Communardo expanded into the Netherlands (Prepend) and Finland (Ambientia) in late 2025/early 2026, putting it in nine European countries as it pursues becoming Europe's largest Atlassian partner."
NEWS-0044,2026-07-22,Atlassian,Communardo acquires Ambientia's Atlassian business in Finland (Chambers legal highlight),https://chambers.com/articles/communardo-acquires-ambientia-s-atlassian-business-in-finland,positive,high,"Chambers and Partners legal highlight (Jan 20, 2026) on Avance advising Communardo Group in its acquisition of Ambientia Group's Atlassian business in Finland, backed by BU Bregal Unternehmerkapital."
NEWS-0045,2026-07-22,Atlassian,15 Monate Partnerschaft mit Bregal Unternehmerkapital,https://silicon-saxony.de/15-monate-partnerschaft-mit-bregal-unternehmerkapital/,positive,high,"Silicon Saxony member profile (Feb 4, 2026) reporting Communardo's positive 15-month interim assessment of its BU Bregal Unternehmerkapital partnership: 460+ employees, 21 locations, seven acquisitions, and quotes from Atlassian's Head of International Partners and Alliances praising Communardo's growth."
NEWS-0046,2026-07-22,Atlassian,Communardo gewinnt Bregal Unternehmerkapital als Partner,https://www.bregal.ch/aktuelles/artikel/communardo-gewinnt-bregal-unternehmerkapital-als-partner-um-die-kundenorientierte-wachstumsstrategie-und-die-expansion-in-europa-voranzutreiben,positive,high,"Bregal's own announcement (German) of its partnership with Communardo Holding GmbH to drive its customer-centric growth strategy and European expansion."
NEWS-0047,2026-07-22,Atlassian,Case Study: Bregal Unternehmerkapital x Communardo,https://www.codeandco.com/case-studies/tech-product-dd/bregal-unternehmerkapital-communardo/,neutral,medium,"Code and Co. case study describing its tech/product due-diligence engagement for Bregal Unternehmerkapital on the Communardo transaction."
NEWS-0048,2026-07-22,Atlassian,GOF advises PROM12 on the sale of Communardo to Bregal Unternehmerkapital,https://www.gof-partner.com/en/news-detail/gof-beraet-prom12-beim-verkauf-der-communardo-an-bregal-unternehmerkapital,positive,medium,"Law firm GOF announced it advised PROM12 on the sale of a majority stake in Communardo to Bregal Unternehmerkapital."
NEWS-0049,2026-07-22,Atlassian,Communardo gewinnt Bregal Unternehmerkapital als Partner (PROM12 announcement),https://prom12.com/communardo-gewinnt-bregal-unternehmerkapital-als-partner-um-die-kundenorientierte-wachstumsstrategie-und-die-expansion-in-europa-voranzutreiben/,positive,medium,"PROM12's own press release (German) announcing Communardo winning Bregal Unternehmerkapital as a partner to drive its customer-centric growth strategy and European expansion."
NEWS-0050,2026-07-22,Atlassian,BU-backed software company Communardo acquires Austrian IT firm ByteSource,https://www.mainsights.io/ma-news/bu-backed-software-company-communardo-acquires-austrian-it-firm-bytesource,positive,high,"M&A intelligence tracker Mainsights' coverage of BU-backed Communardo's acquisition of Austrian Atlassian Platinum Partner ByteSource, strengthening its DACH and cloud/DevOps capabilities."
NEWS-0051,2026-07-22,Atlassian,aety Acquired by Communardo,https://www.trysignalbase.com/news/acquisitions/aety-acquired-by-communardo-acquisition,positive,high,"Signalbase M&A news tracker coverage of Communardo's acquisition of Danish Atlassian consultancy Aety, extending its Nordic market leadership."
NEWS-0052,2026-07-22,Atlassian,Communardo Sweden AB - Atlassian Solutions Partner Directory listing,https://partnerdirectory.atlassian.com/communardo-sweden-ab,positive,medium,"Atlassian's official partner directory profile for Communardo Sweden AB (formerly Stretch Addera) shows Platinum Solution Partner status, 86 delivery/107 sales accreditations, and a 2018 Atlassian Partner of the Year: Cloud award."
